<metadata xml:lang="en"><Esri><CreaDate>20181001</CreaDate><CreaTime>17311300</CreaTime><ArcGISFormat>1.0</ArcGISFormat><SyncOnce>FALSE</SyncOnce><DataProperties><lineage><Process ToolSource="c:\program files\arcgis\pro\Resources\ArcToolbox\Toolboxes\Data Management Tools.tbx\CopyMultiple" Date="20181001" Time="173113">CopyMultiple "X:\Projects\GFHeatIslands\GFHeatIslands.gdb\LST_F_2014_2018 raster_dataset_fgdb;X:\Projects\GFHeatIslands\GFHeatIslands.gdb\LST_F_20140713 raster_dataset_fgdb;X:\Projects\GFHeatIslands\GFHeatIslands.gdb\LST_F_20150716 raster_dataset_fgdb;X:\Projects\GFHeatIslands\GFHeatIslands.gdb\LST_F_20160702 raster_dataset_fgdb;X:\Projects\GFHeatIslands\GFHeatIslands.gdb\LST_F_20170822 raster_dataset_fgdb;X:\Projects\GFHeatIslands\GFHeatIslands.gdb\LST_F_20180708 raster_dataset_fgdb" X:\Projects\DCHeatIslands\DCHeatIslands.gdb LST_F_2014_2018;LST_F_20140713;LST_F_20150716;LST_F_20160702;LST_F_20170822;LST_F_20180708 "LST_F_2014_2018 RasterDataset LST_F_2014_2018 #;LST_F_20140713 RasterDataset LST_F_20140713 #;LST_F_20150716 RasterDataset LST_F_20150716 #;LST_F_20160702 RasterDataset LST_F_20160702 #;LST_F_20170822 RasterDataset LST_F_20170822 #;LST_F_20180708 RasterDataset LST_F_20180708 #"</Process><Process ToolSource="c:\arcgis\desktop10.6\ArcToolbox\Toolboxes\Data Management Tools.tbx\CopyRaster" Date="20181119" Time="161939">CopyRaster T:\DataTeam\jlay\DOEE_HEAT\DCHeatIslands.gdb\LST_F_20180708 T:\DataTeam\jlay\DOEE_HEAT\LST_F_20180708.tif # # -3.402823e+38 NONE NONE # NONE NONE TIFF NONE</Process><Process ToolSource="c:\arcgis\desktop10.6\ArcToolbox\Toolboxes\Data Management Tools.tbx\ProjectRaster" Date="20181119" Time="165845">ProjectRaster T:\DataTeam\jlay\DOEE_HEAT\LST_F_20180708.tif T:\DataTeam\jlay\DOEE_HEAT\LST_F_20180708_proj.tif PROJCS['NAD_1983_StatePlane_Maryland_FIPS_1900',GEOGCS['GCS_North_American_1983',DATUM['D_North_American_1983',SPHEROID['GRS_1980',6378137.0,298.257222101]],PRIMEM['Greenwich',0.0],UNIT['Degree',0.0174532925199433]],PROJECTION['Lambert_Conformal_Conic'],PARAMETER['False_Easting',400000.0],PARAMETER['False_Northing',0.0],PARAMETER['Central_Meridian',-77.0],PARAMETER['Standard_Parallel_1',38.3],PARAMETER['Standard_Parallel_2',39.45],PARAMETER['Latitude_Of_Origin',37.66666666666666],UNIT['Meter',1.0]] NEAREST "30 30" WGS_1984_(ITRF00)_To_NAD_1983 # PROJCS['WGS_1984_UTM_Zone_18N',GEOGCS['GCS_WGS_1984',DATUM['D_WGS_1984',SPHEROID['WGS_1984',6378137.0,298.257223563]],PRIMEM['Greenwich',0.0],UNIT['Degree',0.0174532925199433]],PROJECTION['Transverse_Mercator'],PARAMETER['False_Easting',500000.0],PARAMETER['False_Northing',0.0],PARAMETER['Central_Meridian',-75.0],PARAMETER['Scale_Factor',0.9996],PARAMETER['Latitude_Of_Origin',0.0],UNIT['Meter',1.0]] NO_VERTICAL</Process></lineage><itemProps><itemName Sync="TRUE">LST_F_20180708_proj.tif</itemName><itemLocation><linkage Sync="TRUE">file://T:\DataTeam\jlay\DOEE_HEAT\LST_F_20180708_proj.tif</linkage><protocol Sync="TRUE">Local Area Network</protocol></itemLocation><imsContentType Sync="TRUE">002</imsContentType><nativeExtBox><westBL Sync="TRUE">389448.618197</westBL><eastBL Sync="TRUE">408138.618197</eastBL><southBL Sync="TRUE">124698.467145</southBL><northBL Sync="TRUE">147738.467145</northBL><exTypeCode Sync="TRUE">1</exTypeCode></nativeExtBox></itemProps><coordRef><type Sync="TRUE">Projected</type><geogcsn Sync="TRUE">GCS_North_American_1983</geogcsn><csUnits Sync="TRUE">Linear Unit: Meter (1.000000)</csUnits><projcsn Sync="TRUE">NAD_1983_StatePlane_Maryland_FIPS_1900</projcsn><peXml Sync="TRUE">&lt;ProjectedCoordinateSystem xsi:type='typens:ProjectedCoordinateSystem' xmlns:xsi='http://www.w3.org/2001/XMLSchema-instance' xmlns:xs='http://www.w3.org/2001/XMLSchema' xmlns:typens='http://www.esri.com/schemas/ArcGIS/10.6'&gt;&lt;WKT&gt;PROJCS[&amp;quot;NAD_1983_StatePlane_Maryland_FIPS_1900&amp;quot;,GEOGCS[&amp;quot;GCS_North_American_1983&amp;quot;,DATUM[&amp;quot;D_North_American_1983&amp;quot;,SPHEROID[&amp;quot;GRS_1980&amp;quot;,6378137.0,298.257222101]],PRIMEM[&amp;quot;Greenwich&amp;quot;,0.0],UNIT[&amp;quot;Degree&amp;quot;,0.0174532925199433]],PROJECTION[&amp;quot;Lambert_Conformal_Conic&amp;quot;],PARAMETER[&amp;quot;False_Easting&amp;quot;,400000.0],PARAMETER[&amp;quot;False_Northing&amp;quot;,0.0],PARAMETER[&amp;quot;Central_Meridian&amp;quot;,-77.0],PARAMETER[&amp;quot;Standard_Parallel_1&amp;quot;,38.3],PARAMETER[&amp;quot;Standard_Parallel_2&amp;quot;,39.45],PARAMETER[&amp;quot;Latitude_Of_Origin&amp;quot;,37.66666666666666],UNIT[&amp;quot;Meter&amp;quot;,1.0],AUTHORITY[&amp;quot;EPSG&amp;quot;,26985]]&lt;/WKT&gt;&lt;XOrigin&gt;-36747100&lt;/XOrigin&gt;&lt;YOrigin&gt;-29091500&lt;/YOrigin&gt;&lt;XYScale&gt;121236910.21292362&lt;/XYScale&gt;&lt;ZOrigin&gt;-100000&lt;/ZOrigin&gt;&lt;ZScale&gt;10000&lt;/ZScale&gt;&lt;MOrigin&gt;-100000&lt;/MOrigin&gt;&lt;MScale&gt;10000&lt;/MScale&gt;&lt;XYTolerance&gt;0.001&lt;/XYTolerance&gt;&lt;ZTolerance&gt;0.001&lt;/ZTolerance&gt;&lt;MTolerance&gt;0.001&lt;/MTolerance&gt;&lt;HighPrecision&gt;true&lt;/HighPrecision&gt;&lt;WKID&gt;26985&lt;/WKID&gt;&lt;LatestWKID&gt;26985&lt;/LatestWKID&gt;&lt;/ProjectedCoordinateSystem&gt;</peXml></coordRef><RasterProperties><General><PixelDepth Sync="TRUE">32</PixelDepth><HasColormap Sync="TRUE">FALSE</HasColormap><CompressionType Sync="TRUE">LZW</CompressionType><NumBands Sync="TRUE">1</NumBands><Format Sync="TRUE">TIFF</Format><HasPyramids Sync="TRUE">TRUE</HasPyramids><SourceType Sync="TRUE">continuous</SourceType><PixelType Sync="TRUE">floating point</PixelType><NoDataValue Sync="TRUE">-3.4028231e+38</NoDataValue></General></RasterProperties></DataProperties><SyncDate>20181119</SyncDate><SyncTime>16584100</SyncTime><ModDate>20181119</ModDate><ModTime>16584100</ModTime></Esri><dataIdInfo><envirDesc Sync="TRUE"> Version 6.2 (Build 9200) ; Esri ArcGIS 10.6.1.9270</envirDesc><dataLang><languageCode value="eng" Sync="TRUE"></languageCode><countryCode value="USA" Sync="TRUE"></countryCode></dataLang><idCitation><resTitle Sync="TRUE">LST_F_20180708_proj.tif</resTitle><presForm><PresFormCd value="005" Sync="TRUE"></PresFormCd></presForm></idCitation><spatRpType><SpatRepTypCd value="002" Sync="TRUE"></SpatRepTypCd></spatRpType><dataExt><geoEle><GeoBndBox esriExtentType="search"><exTypeCode Sync="TRUE">1</exTypeCode><westBL Sync="TRUE">-77.121805</westBL><eastBL Sync="TRUE">-76.906048</eastBL><northBL Sync="TRUE">38.997588</northBL><southBL Sync="TRUE">38.789972</southBL></GeoBndBox></geoEle></dataExt></dataIdInfo><mdLang><languageCode value="eng" Sync="TRUE"></languageCode><countryCode value="USA" Sync="TRUE"></countryCode></mdLang><distInfo><distFormat><formatName Sync="TRUE">Raster Dataset</formatName></distFormat></distInfo><mdHrLv><ScopeCd value="005" Sync="TRUE"></ScopeCd></mdHrLv><mdHrLvName Sync="TRUE">dataset</mdHrLvName><refSysInfo><RefSystem><refSysID><identCode code="26985" Sync="TRUE"></identCode><idCodeSpace Sync="TRUE">EPSG</idCodeSpace><idVersion Sync="TRUE">4.5(3.0.1)</idVersion></refSysID></RefSystem></refSysInfo><spatRepInfo><Georect><cellGeo><CellGeoCd Sync="TRUE" value="002"></CellGeoCd></cellGeo><numDims Sync="TRUE">2</numDims><tranParaAv Sync="TRUE">1</tranParaAv><chkPtAv Sync="TRUE">0</chkPtAv><cornerPts><pos Sync="TRUE">389448.618197 124698.467145</pos></cornerPts><cornerPts><pos Sync="TRUE">389448.618197 147738.467145</pos></cornerPts><cornerPts><pos Sync="TRUE">408138.618197 147738.467145</pos></cornerPts><cornerPts><pos Sync="TRUE">408138.618197 124698.467145</pos></cornerPts><centerPt><pos Sync="TRUE">398793.618197 136218.467145</pos></centerPt><axisDimension type="002"><dimSize Sync="TRUE">623</dimSize><dimResol><value Sync="TRUE" uom="m">30.000000</value></dimResol></axisDimension><axisDimension type="001"><dimSize Sync="TRUE">768</dimSize><dimResol><value Sync="TRUE" uom="m">30.000000</value></dimResol></axisDimension><ptInPixel><PixOrientCd Sync="TRUE" value="001"></PixOrientCd></ptInPixel></Georect></spatRepInfo><contInfo><ImgDesc><contentTyp><ContentTypCd Sync="TRUE" value="001"></ContentTypCd></contentTyp><covDim><Band><dimDescrp Sync="TRUE">Band_1</dimDescrp><maxVal Sync="TRUE">106.617874</maxVal><minVal Sync="TRUE">72.488846</minVal><bitsPerVal Sync="TRUE">32</bitsPerVal><valUnit><UOM type="length"></UOM></valUnit></Band></covDim></ImgDesc></contInfo><mdDateSt Sync="TRUE">20181119</mdDateSt></metadata>
